location,date,description,image,map,tags
Downtown - St Louis MO,07/14/2025,"xGot in a nice and easy Sunday ride in a pretty empty Downtown St Louis. Aside from a light crowd around Busch Stadium for a long rain-delayed game, the city was a ghosttown. I got to ride around the Arch, watch some of the game from outside sitting on my bike, ride the warf, Union Station. Nice little ride.",https://scontent-iad3-2.xx.fbcdn.net/v/t39.30808-6/520013494_10163791830677658_9006341642411111738_n.jpg?stp=cp6_dst-jpegr_tt6&_nc_cat=111&ccb=1-7&_nc_sid=f727a1&_nc_ohc=ieKF_gQVzDYQ7kNvwFd-dRR&_nc_oc=AdkS_-cn3E6NIJdDCHl3rdNv5wEufQOUApurZfMie0guiLBhN4wLtc9b9jkJRQ8acyGQxKy0YCrs4ioIfi8mYKun&_nc_zt=23&se=-1&_nc_ht=scontent-iad3-2.xx&_nc_gid=N-TYHYIpyBD54vpFwie23A&oh=00_AfWlrlPNEIpXzYZD2YINRul4O5ZNTMIkRurCYt_ysKkPiQ&oe=68B2D2C3,"<iframe src=""https://www.komoot.com/tour/2403267836/embed?share_token=a6dkd04EDYHUZ74ob5FrNXMg3qfABX8ABCsKC3BP3h28N0rBEC&profile=1"" width=""100%"" height=""700"" frameborder=""0"" scrolling=""no""></iframe>",
Broken Arrow OK,07/13/2025,Cool little ride in a cool little Oklahoma town,https://scontent-iad3-1.xx.fbcdn.net/v/t39.30808-6/519397610_10163778745127658_423102813212095319_n.jpg?stp=cp6_dst-jpegr_tt6&_nc_cat=104&ccb=1-7&_nc_sid=f727a1&_nc_ohc=ybHwxDCLf-MQ7kNvwELKR0L&_nc_oc=AdmzMa4F5tyg-OHaYSS27nkfrwqv1EJ_7Uaxy0D9N6zsNd3RWgQJ0RewA2p_-3yvckQiw7NN76uboyiq8JA4aSJ-&_nc_zt=23&se=-1&_nc_ht=scontent-iad3-1.xx&_nc_gid=eJdoM65kw0l8-N6-YhXIqQ&oh=00_AfVvQ7n1Hx8j-P0BLrnWvxzdoEKMu_n8bawhuVvmLl6-ZA&oe=68AE9B20,"<iframe src=""https://www.komoot.com/tour/2401427823/embed?share_token=alY3Tg65j0MDPCJHAKunH7zN6liJcGiS0h3fu87iG26Y5u2f7y&profile=1"" width=""100%"" height=""700"" frameborder=""0"" scrolling=""no""></iframe>",
Garden of the Gods - Colorado Springs CO,07/11/2025,Awesome early morning ride. Old Colorado Springs. Manitou Springs. Garden of the Gods. I could ride around there all day. Highlight...I rode across a fun little bike resort. Might be a fun place for a future stay.,https://scontent-iad3-2.xx.fbcdn.net/v/t39.30808-6/518211461_10163761625662658_3660631683935587357_n.jpg?stp=cp6_dst-jpegr_tt6&_nc_cat=111&ccb=1-7&_nc_sid=f727a1&_nc_ohc=9SCUAm1dOukQ7kNvwGNipFK&_nc_oc=Adk-C8Zvrqq4f7FbQPjsGXoYxEAFky0wmcl4o_4lCvHPNwnIhnMogofIxtPqB3xP2KZ063Q3pNIObISfC0IyguxA&_nc_zt=23&se=-1&_nc_ht=scontent-iad3-2.xx&_nc_gid=LjcIREE4Ta3dW4JQgia1XA&oh=00_AfWjxofUg_ZD8oZYfypojqKeO5ub5XUcFMwqo6nGoe0Y6Q&oe=68B2B478,"<iframe src=""https://www.komoot.com/tour/2395256929/embed?share_token=aNQ8UN4Vs8Hq6vrq0GXAGBVxP91i56QxRA6FXGqsYI9Bzl9RQT&profile=1"" width=""100%"" height=""700"" frameborder=""0"" scrolling=""no""></iframe>",
Scenic 128 - Moab UT,07/06/2025,"BUCKET LIST RIDE!!! I've been riding this route via a video on my Peleton for years. Today, I finally got to actually ride it and IT. WAS. AWESOME.",https://scontent-iad3-2.xx.fbcdn.net/v/t39.30808-6/515498302_10163716207042658_7658663271494156295_n.jpg?stp=cp6_dst-jpegr_tt6&_nc_cat=106&ccb=1-7&_nc_sid=f727a1&_nc_ohc=wWROU-0b_vsQ7kNvwELE6X_&_nc_oc=AdkKwA6P9NqC0AAEij07D6T7xNr5NqGZRite7Mjwc2frSB9G4dpOa8x3kWw0dGzFKYfnixuI6HzjUFgfTCW7fqeO&_nc_zt=23&se=-1&_nc_ht=scontent-iad3-2.xx&_nc_gid=uXAS7M_Ka-rVm_MZr04znA&oh=00_AfUw7Sq6RMOCp7MGUUsRW7VgFpdwrC4Yn4oYwhwTJFkPLg&oe=68B2D9DF,"<iframe src=""https://www.komoot.com/tour/2384510073/embed?share_token=ar9us9W0Lj2sj2K8Ak1cCHJve6VMcTK6mRqlKDgvcBjVw7Yfmn&profile=1"" width=""100%"" height=""700"" frameborder=""0"" scrolling=""no""></iframe>",
Park City UT,06/04/2025,"A festive 4th of July ride around a cool mountain resort town that incuded a little more climbing than I expected and ended with a drove show. I still prefer firewors, but it was a cool day.",https://scontent-iad3-1.xx.fbcdn.net/v/t39.30808-6/515507265_10163699919757658_488259650604321152_n.jpg?stp=cp6_dst-jpegr_tt6&_nc_cat=109&ccb=1-7&_nc_sid=f727a1&_nc_ohc=qbWWLFsJxpEQ7kNvwF2EiXq&_nc_oc=AdkVRYo3qTdU5OLXRKYr4JEfPeNQqRhpXg-MBQxYhKXA_mJY-T1PKpCZvNoxuJCEXVWINnNcHpssIYl9UvnLRXGi&_nc_zt=23&se=-1&_nc_ht=scontent-iad3-1.xx&_nc_gid=QTUOEbXCQtCJci6x3XJHBQ&oh=00_AfUhAug6OpYvi3G3FBXyUoyuMt-Qn5j050PFQgwWVi6g_Q&oe=68B2B1F7,"<iframe src=""https://www.komoot.com/tour/2378792887/embed?share_token=a5XFocooI0oOBL0mSx2ZO69Kdt2BVQUfD3QvEMoOuXMuWRyVdo&profile=1"" width=""100%"" height=""700"" frameborder=""0"" scrolling=""no""></iframe>",
Grand Teton NP,07/03/2025,So many fantastic views!,https://scontent-iad3-1.xx.fbcdn.net/v/t39.30808-6/515504144_10163691418222658_6263100142331612343_n.jpg?stp=cp6_dst-jpegr_tt6&_nc_cat=107&ccb=1-7&_nc_sid=f727a1&_nc_ohc=UP_dZQ2A2RkQ7kNvwFWxhwK&_nc_oc=AdmtWJ342yao_eyn6GZ3RmctFfUqRMxlLVUeiW4EqN1Z2z5MbgQnsxLOSwK53qxpfhhOIgI6eyD_sTAyjlCMMCBb&_nc_zt=23&se=-1&_nc_ht=scontent-iad3-1.xx&_nc_gid=Tt2LuT5-x-iWg5GQn-f4Rg&oh=00_AfWMU-vK6N1bntaNg-W1br-Pw_ug3QHPYGU2NHds7WJqmQ&oe=68B2B8CD,"<iframe src=""https://www.komoot.com/tour/2376211880/embed?share_token=aCJ9Tc5frufdrJvsjlFNrXrnE3TbgF4kVQxbapYpmmbmnAwXyA&profile=1"" width=""100%"" height=""700"" frameborder=""0"" scrolling=""no""></iframe>",
Mah Dah Hey Trail - Medora ND,06/30/2025,"I've been wanting to ride Mah Dah Hey for a long time and it did not disappoint. I followed a trip I mapped at on Komoot. At want point, the map took me to what i thought would be a bridge a bridge across the Little Missouri River. When I got there...no bridge. It was close to dark and riding back the way I cam would have added about 10 miles, so I took off my boots, tied them around my neck and swam my bile across the river. Loved every minute of it.",https://scontent-iad3-1.xx.fbcdn.net/v/t39.30808-6/514140345_10163670358802658_5021232448306660908_n.jpg?stp=cp6_dst-jpegr_tt6&_nc_cat=109&ccb=1-7&_nc_sid=f727a1&_nc_ohc=fVKeHtOLeYgQ7kNvwFRLeth&_nc_oc=AdlIZkeqLTcoIfKRE4BLtDmBeT79Cd3HJBHOkk-dgeEeUwsVdMCI7Awi0zgXu2K21FoNuHfcViaTJO2FnLFqWxdp&_nc_zt=23&se=-1&_nc_ht=scontent-iad3-1.xx&_nc_gid=3QeuKUy0b1v08vpQMuKPOQ&oh=00_AfV0pbDmKF8GwETNH_QEbj_c67aYbJZK3M5Or1F4PuCQNg&oe=68B2DA36,"<iframe src=""https://www.komoot.com/tour/2369615081/embed?share_token=aHZe9s9OlDmyWKfFr1pFv51W9hBu4FSWd1Mp31neRoVDid13c1&profile=1"" width=""100%"" height=""700"" frameborder=""0"" scrolling=""no""></iframe>",
Needles Highway - Black Hills SD,06/29/2025,"Another bucket list ride in the bag. I want later in the day after a rain storm and the road was surprisingly quiet. The ride up was incredible. On the way back down, I stopped to take a picture of one of the tunnels. As I was putting my phone back on my bike, I saw a cougar peak it's head thru the tunnel. Ughhhh! I waited for a car to drive the tunnel before I built up the nerve to do it myself.",https://scontent-iad3-2.xx.fbcdn.net/v/t39.30808-6/513905125_10163664117472658_6044580301006890737_n.jpg?stp=cp6_dst-jpegr_tt6&_nc_cat=100&ccb=1-7&_nc_sid=f727a1&_nc_ohc=LkCt-OavwVIQ7kNvwHAuEwz&_nc_oc=AdlVRDahMkcySZT_7Z1d0SFtIJ1gW69zuJdS1PWXRO7JTvPFnGlGFsI3UMz6Kzx67YT388-TmbHJmjxSKdC1Z7Uq&_nc_zt=23&se=-1&_nc_ht=scontent-iad3-2.xx&_nc_gid=DPV7PVklSJu_IEqIEU0Kcg&oh=00_AfV9LE87aq_LBENq7dL97GHL-PcwPz6tQnEeiZlmgyAKqg&oe=68B2D200,"<iframe src=""https://www.komoot.com/tour/2367416337/embed?share_token=awHaC7fuKPWjD3NDeeR7SsGIIFfsnok6zHemXHn2NlEYhbsZgy&profile=1"" width=""100%"" height=""700"" frameborder=""0"" scrolling=""no""></iframe>",
Souix Falls SD,06/27/2025,Souix Falls is one of my faovrite towns. There are great paths to ride and always tons to see. The falls are incredible and I'll ride there any chance I get. It reminds me a lot of Richmond bult around the James River.,https://scontent-iad3-1.xx.fbcdn.net/v/t39.30808-6/513819315_10163652803592658_4437588629371607310_n.jpg?stp=cp6_dst-jpegr_tt6&_nc_cat=109&ccb=1-7&_nc_sid=f727a1&_nc_ohc=xzL96a0h83QQ7kNvwGobPez&_nc_oc=Admykjv7pnd7hYee4-KlHqFJvE2_trDZSXzdlXPSCRNiGo2M1ElOJZEoaEcvkbDVg273_R9mnPm26Wy578yRp5TM&_nc_zt=23&se=-1&_nc_ht=scontent-iad3-1.xx&_nc_gid=OWtrUPBJMebXl20Y92jmMQ&oh=00_AfWZcPeqOlH2DP9zqeqq9IB1xhs1hJRHa2SdLiBW7lpTHw&oe=68B2BCE7,"<iframe src=""https://www.komoot.com/tour/2361264231/embed?share_token=a4ca9zCzCpj3KbcncoQNZhzwSOxOrC83M22Av6ozgQTnank0OV&profile=1"" width=""100%"" height=""700"" frameborder=""0"" scrolling=""no""></iframe>",
Virginia Beach VA,06/26/2025,I lived in Virginia Beach a couple summers in college and I always love going back. tons of great places to ride. It's changes soooo much since my day.,https://scontent-iad3-2.xx.fbcdn.net/v/t39.30808-6/500300110_10163488107792658_7647160172018778595_n.jpg?stp=cp6_dst-jpegr_tt6&_nc_cat=103&ccb=1-7&_nc_sid=f727a1&_nc_ohc=48fq9jyrmbwQ7kNvwEDrazn&_nc_oc=AdkPx5Ibzel2zwijIGo3fRkVPwPYSQZPjCj4Q--P1kxz9L9ZASnTIC17xzYCuiZYwTklUShW-P21dX17scI_g_ak&_nc_zt=23&se=-1&_nc_ht=scontent-iad3-2.xx&_nc_gid=sCnMC8VdORbO7sj-3ADmpw&oh=00_AfUkMf5BpTk4QY9GBYQb4OOhOT7-atugFcaOJXNWIy4Org&oe=68B2D9B3,"<iframe src=""https://www.komoot.com/tour/2265429180/embed?share_token=apX0wSMO0Orzz6KJ9Pigphf9Ok8D4n1IPlH8eUolwvlg1DrXVt&profile=1"" width=""100%"" height=""700"" frameborder=""0"" scrolling=""no""></iframe>",
Estes Park CO,05/04/2025,"I spent a long weekend biking around Estes Park and Rocky Mountain NP. I could spend years. The views are amazing, the climbs are incredible, and the trails are endles.",https://scontent-iad3-1.xx.fbcdn.net/v/t39.30808-6/495132016_10163389565342658_9190266477397888411_n.jpg?stp=cp6_dst-jpegr_tt6&_nc_cat=107&ccb=1-7&_nc_sid=f727a1&_nc_ohc=c2o7QiXk0HwQ7kNvwHAKZuE&_nc_oc=AdlcQAQLmWpNUsT_Fgf1OyP1Ok5aeJ5JykJKL-veV9TGv8OnzHlWnhdiaoRt7kSrqCwJKow6nREzhPYR6fb3rueP&_nc_zt=23&se=-1&_nc_ht=scontent-iad3-1.xx&_nc_gid=naQn8KxbFZ9LfAnIsFUXQw&oh=00_AfX5kiYDtT6snlXjZPrk60a4NGUb-dFBOYosqbov3sGmpA&oe=68B2B63A,"<iframe src=""https://www.komoot.com/tour/2207993769/embed?share_token=aoEuoMHUkZYgpbCgQsbeO0lkSSh68C4lNpMVHeRFQ8ZiNN2f7u&profile=1"" width=""100%"" height=""700"" frameborder=""0"" scrolling=""no""></iframe>",
Jekyll Island GA,04/07/2025,"Jekyll Isand has become one of my favorite stops down I95. The ride is flat and supre relaxing, but the views are 100% worth it.",https://scontent-iad3-1.xx.fbcdn.net/v/t39.30808-6/489041467_10163272499652658_752533699608419012_n.jpg?stp=cp6_dst-jpg_tt6&_nc_cat=102&ccb=1-7&_nc_sid=f727a1&_nc_ohc=eizk3E8YEQAQ7kNvwEm8B8s&_nc_oc=AdlxD9F1g3zLt1gXWj1nAE_GD2CAuSzju3veG8V9q12HO1J3B_yWQgJV8FWk6o0IwFA5in2Jhu8BwtVIMglV5oOP&_nc_zt=23&_nc_ht=scontent-iad3-1.xx&_nc_gid=b6ny_rITYQm1xah7j6rung&oh=00_AfXtxFr9m-T0GIKE3mMpzCXblH2kIWaRoqULm9ZLIW6KeQ&oe=68B2B435,"<iframe src=""https://www.komoot.com/tour/2144671774/embed?share_token=agmvgOYSTw1XjD3sOGySQcSJXrxYHHsGTSTHMDJdYvh2Lacpqm&profile=1"" width=""100%"" height=""700"" frameborder=""0"" scrolling=""no""></iframe>",
Punta Gorda FL,04/06/2025,Great rides in Punta Gorda. Fantastic way to bring in spring.,https://scontent-iad3-2.xx.fbcdn.net/v/t39.30808-6/489053214_10163266911062658_5137242573744588807_n.jpg?stp=cp6_dst-jpg_tt6&_nc_cat=105&ccb=1-7&_nc_sid=f727a1&_nc_ohc=k3OYQlvZuxoQ7kNvwHavM0z&_nc_oc=AdmZN2Rd-PTZl6611nWl7YpocBHlKvvcVeOv9pAH_1K7_vV6_3UjdnBBez6DiToKuypYWzwmC6wl7RSmRdL856jl&_nc_zt=23&_nc_ht=scontent-iad3-2.xx&_nc_gid=-cM3347_gmqg6IlX0_MS0w&oh=00_AfXZApk3PHBRklmMXSqcLOCiU0pYiPTLedifJ8cji-ocGQ&oe=68B2D67E,"<iframe src=""https://www.komoot.com/tour/2139815871/embed?share_token=a86ED2mhATSwoG164IZfkD81UIIE5NtbKYWprqrnofCpN46SwE&profile=1"" width=""100%"" height=""700"" frameborder=""0"" scrolling=""no""></iframe>",
Gainesville FL,04/03/2025,"A quick stop on the way further south in Florida, but a nice early morning ride with a palm tree view.",https://scontent-iad3-1.xx.fbcdn.net/v/t39.30808-6/488423280_10163252858292658_3497083443438049923_n.jpg?stp=cp6_dst-jpg_tt6&_nc_cat=102&ccb=1-7&_nc_sid=f727a1&_nc_ohc=Cfuw3yp54TgQ7kNvwFjn3CI&_nc_oc=AdnjihVnz4W24uFWSIY7G6Ggvo2uk86TZkuMbxe_zS8ModjDGT9nEWSvMIp3uBh1D1yrgBGdnzqGrntZarEQDECg&_nc_zt=23&_nc_ht=scontent-iad3-1.xx&_nc_gid=-8I0yryNRu89EXflXKmLQQ&oh=00_AfXpTzcG6-E0SHliV6CSiB2oP_Va7_dbcy1NLc8iBGcJSg&oe=68B2AF74,"<iframe src=""https://www.komoot.com/tour/2134527808/embed?share_token=ayNu4f7UWKZTDPHUEG05sQuPaEmOImsPe3Xx5dm2R28tIoOm2V&profile=1"" width=""100%"" height=""700"" frameborder=""0"" scrolling=""no""></iframe>",
Florence AL,04/02/2025,First time in Florence. The downtown is pretty cool. The ride from outside of town to downtown was kinda boring.,https://scontent-iad3-1.xx.fbcdn.net/v/t39.30808-6/487700390_10163248557832658_6729249300704956849_n.jpg?stp=cp6_dst-jpg_tt6&_nc_cat=101&ccb=1-7&_nc_sid=f727a1&_nc_ohc=GlSaX8iuFxAQ7kNvwEAbn8M&_nc_oc=AdkLx4rJhPFcMpNflZToxU90ey8qVpIOTwSZuyIr_LPRYcXj0uBb3Q-9KGKL3r4NAKMbOY_9B9mq2X_rbiZXy_wn&_nc_zt=23&_nc_ht=scontent-iad3-1.xx&_nc_gid=-ZjsmR7BGMVb84YBvuMa-w&oh=00_AfXK6EC4QlCCJ2BXzpsOT8bZZCVoGCmkvOyxKtkETqpO6g&oe=68B2C420,"<iframe src=""https://www.komoot.com/tour/2132513273/embed?share_token=a23gahYjgomofdap3hfbdAhoMCCsTacyncOvoDaKUZIT3bgm99&profile=1"" width=""100%"" height=""700"" frameborder=""0"" scrolling=""no""></iframe>",
Duck NC,03/14/2025,A half dozen great rides during a long weekend in Duck. YAY!,https://scontent-iad3-1.xx.fbcdn.net/v/t39.30808-6/487463927_10163248555862658_6224531436199231053_n.jpg?_nc_cat=101&ccb=1-7&_nc_sid=f727a1&_nc_ohc=O9MgtBSZqIkQ7kNvwF7-7Lb&_nc_oc=Adl9bZi8NwT0DzPv792s3bQs6VJjV0mmlzWEdj3lc62-kF3TtVYogQGNiXPVq2mz8eCiPWwWAyWmagBlxaVAjwEQ&_nc_zt=23&_nc_ht=scontent-iad3-1.xx&_nc_gid=9cHuyHribaODAKTvZQYysw&oh=00_AfWSLUbDQvtdz4gzcNigeBfMe3_HIFPEu7dj_Eip2d5GKw&oe=68B2CB5A,"<iframe src=""https://www.komoot.com/tour/2097936434/embed?share_token=aDJWjl5ImPa2OekVgXiUlv59fI13nV8sECUSuhb7hrEz6Dyf4w&profile=1"" width=""100%"" height=""700"" frameborder=""0"" scrolling=""no""></iframe>",
Fredrick MD,03/09/2025,Frederick is a cool twon. Any ride around here that allows me to run thru dwontown is a win.,https://scontent-iad3-2.xx.fbcdn.net/v/t39.30808-6/488494906_10163248781202658_3570106380132961412_n.jpg?stp=cp6_dst-jpegr_tt6&_nc_cat=105&ccb=1-7&_nc_sid=f727a1&_nc_ohc=WIirZmEUHvkQ7kNvwFzG7V5&_nc_oc=Adk0ya-_wkLuaufS2eiWX6Q3u5cTPQuYEKYel5OEfsXZ7ExnYG18wBbUzKH9EPttEmTlasFdhIrQlZ8CY5kNlh2n&_nc_zt=23&se=-1&_nc_ht=scontent-iad3-2.xx&_nc_gid=VnJ4iLGMbMfbe9AzxNSRdA&oh=00_AfWRyiUA6tEMYM8nHgXQ3WrBBzdDfEuWgv0atPIWYt-3kg&oe=68B2B154,"<iframe src=""https://www.komoot.com/tour/2091043349/embed?share_token=aa6DyY6mH4b1kj2B2e1fbDDXDudj6BiPDaoQiybMr3PXD8VYBi&profile=1"" width=""100%"" height=""700"" frameborder=""0"" scrolling=""no""></iframe>",
Harpers Ferry WV,10/10/2024,Harpers Ferry is a bike riders paradise.,https://scontent-iad3-1.xx.fbcdn.net/v/t39.30808-6/516808101_10163744012517658_3365438792234748398_n.jpg?_nc_cat=109&ccb=1-7&_nc_sid=f727a1&_nc_ohc=zcJMc7R9NOUQ7kNvwFmox3g&_nc_oc=AdnzWF1eS0g3ssH9A7Kv5j-1ND6rIhsg34yGoGVBudWdqir4yLTXGJMpoNF1H3ZR_wsbK5IkTi_rgRqGfHONJplv&_nc_zt=23&_nc_ht=scontent-iad3-1.xx&_nc_gid=Unh2Jezk6rs55nD7PfucIQ&oh=00_AfVTj-1149151SBsVxFTcvRbVdd3Iy9bZVXqQ_mXCNeMbQ&oe=68B2DED6,"<iframe src=""https://www.komoot.com/tour/1893921012/embed?share_token=atH4beAyLPQS7MRU7cchPgTSwc3STgOPYrGlbwqKYuaSX5k5NN&profile=1"" width=""100%"" height=""700"" frameborder=""0"" scrolling=""no""></iframe>",
Banff NP,09/02/2024,"While we were climbing the mountain to Lake Moriaine, I couldn't stop saying ""Hell yes"" outloud., ",https://scontent-iad3-2.xx.fbcdn.net/v/t39.30808-6/517021082_10163728105032658_8593755428776055427_n.jpg?_nc_cat=100&ccb=1-7&_nc_sid=f727a1&_nc_ohc=iIiIqry0eyAQ7kNvwEgg2fs&_nc_oc=AdmTZduCeNsUaY-SYVw_2LlbkoDaRZSxsFejZJPca6X7FCaIiFk_vLvk3gDcQy-8jo-TceBWNSx4AnQd49CK7_MQ&_nc_zt=23&_nc_ht=scontent-iad3-2.xx&_nc_gid=eLqOo94jUiowdG7bHVAr6g&oh=00_AfVDVnTwgYceikUvmKO7J79Ijt4-yRXvD1Rwcw0bc1dhCw&oe=68B2C5A0,"<iframe src=""https://www.komoot.com/tour/1836334613/embed?share_token=a4df4LZwZ46vs18jfPu8J7l1vwO2EadOkSWV6XQLWt5YLPsLtY&profile=1"" width=""100%"" height=""700"" frameborder=""0"" scrolling=""no""></iframe>",
Chicoteague Island VA,04/28/2024,,https://scontent-iad3-2.xx.fbcdn.net/v/t39.30808-6/516864921_10163711342712658_1967704567675650176_n.jpg?_nc_cat=100&ccb=1-7&_nc_sid=f727a1&_nc_ohc=AptkYeq8o4QQ7kNvwGnKf_6&_nc_oc=Adnyb471GqzsoAP3oAC_izdBMoEEPOZFsdfRqGu9QtxFkCgdRQc6fbTYwQhUKQcEAQF8rOPeDahBnYtZbR0PKZB_&_nc_zt=23&_nc_ht=scontent-iad3-2.xx&_nc_gid=hg2QGGw8Vb4lykKz33F9QQ&oh=00_AfWp53ouWuWQO8Hkh-JguODlyUjERGt6Lgg-y2DDsIaVMw&oe=68B2C9E6,"<iframe src=""https://www.komoot.com/tour/1538340326/embed?share_token=aR9prHVXw5PesqFKzbHSToiXtvNvS1z8TH3miyiZkOYx3sk6GT&profile=1"" width=""100%"" height=""700"" frameborder=""0"" scrolling=""no""></iframe>",
"San Juan, Puerto Rico",04/03/2024,Took my foldable bile on a cruise. Took it off for a great ride in San Juan.,https://scontent-iad3-1.xx.fbcdn.net/v/t39.30808-6/515544747_10163709566932658_2476152619244940031_n.jpg?_nc_cat=110&ccb=1-7&_nc_sid=f727a1&_nc_ohc=irdr6eQmBbkQ7kNvwGHp097&_nc_oc=Adkdsugi9NzJLZhNWvqBOeRUE4NhnipNzrmZyTRrrhndbxddwWriZGtpqYxIyrNVcgvNp9lNgPiXSXQ_A42Muziu&_nc_zt=23&_nc_ht=scontent-iad3-1.xx&_nc_gid=8b1TAd5s0GF9337oSnl87g&oh=00_AfX-OLesFlpXyTTkhConmARFbY9iV2cdrzA_FK9nHFqFfA&oe=68B2C1E4,"<iframe src=""https://www.komoot.com/tour/2518083481/embed?share_token=agMhIxnX8lqPGtfFI7XB3HzycAjeZ8FqgNid8VXyC461bw7b4P&profile=1"" width=""100%"" height=""700"" frameborder=""0"" scrolling=""no""></iframe>",
Whitefish MT,09/19/2023,,https://scontent-iad3-1.xx.fbcdn.net/v/t39.30808-6/514694449_10163687284092658_6722330101386104852_n.jpg?_nc_cat=107&ccb=1-7&_nc_sid=f727a1&_nc_ohc=FwHjz4s5w3QQ7kNvwFg-ghr&_nc_oc=Adm8BJaE0frUoDhnnIfxkg9GR3Tp0Khq378ySbzE3V1P7LFwYELFjH8f-iHnzqcTSolW3fcvYGlpBV2CfQhxVMUI&_nc_zt=23&_nc_ht=scontent-iad3-1.xx&_nc_gid=hgxmi9qRdFc1LF95rOF8wQ&oh=00_AfXbRnvNBpc_8H_8zCE1rIvAIGBmnCuU9hcZTKfHWqkdMA&oe=68B2CEB0,"<iframe src=""https://www.komoot.com/tour/1315825826/embed?share_token=a1pFwOEKcLhL3ziS29QdrzY0U5bfG3y0CrVAGEkNPXGQ7HKLwV&profile=1"" width=""100%"" height=""700"" frameborder=""0"" scrolling=""no""></iframe>",
"Skagway, AK.",06/15/2023,,https://scontent-iad3-2.xx.fbcdn.net/v/t39.30808-6/514395332_10163674754332658_3437077352700152108_n.jpg?_nc_cat=106&ccb=1-7&_nc_sid=f727a1&_nc_ohc=uKjo2I7J-_YQ7kNvwHaObq3&_nc_oc=AdlnTIK-Y9L_oWJrHDnG26nOJMOvlVhxSHO4gNIqlfzHcqXyDimGhzNEdAPoCW67oWidr6y_E1tXA3yhJE0znS1A&_nc_zt=23&_nc_ht=scontent-iad3-2.xx&_nc_gid=NPQtYB6-Cxni_zid9TXoRA&oh=00_AfW_5gYdpNtZ-EzlEWsL59fXDV6CY3hd0NzgwgRLcDyFWA&oe=68B2DDF4,"<iframe src=""https://www.komoot.com/tour/2518276097/embed?share_token=aIi4ybiSQ149ywoVrHu0h4iTRmdAZtZNKVL7cTEhTrvq4HJoy8&profile=1"" width=""100%"" height=""700"" frameborder=""0"" scrolling=""no""></iframe>",
Ketchican Alaska,06/13/2023,BUCKET LIST RIDE!!! Never in my life did I think I'd ride a bicycle in Alaska.,https://scontent-iad3-1.xx.fbcdn.net/v/t39.30808-6/515509670_10163674470342658_4403038060157674386_n.jpg?_nc_cat=101&ccb=1-7&_nc_sid=f727a1&_nc_ohc=JbZRn8QXQCsQ7kNvwEo5mqy&_nc_oc=AdnHb3Km-xA-WjrHCb3U8YkQ3US9Uv7NiqPMndPQZ9u6tUYhq3IcS_8YshTZG7eThG55CaaHJvhlyDYFbCDtfESB&_nc_zt=23&_nc_ht=scontent-iad3-1.xx&_nc_gid=kd6BvuPYjM48abCCbdE5TQ&oh=00_AfU7EAtakGbTWXWc3KyOsW-e-Sp_hMB9F9Y75Cikkt6J9A&oe=68B2D6D6,"<iframe src=""https://www.komoot.com/tour/2518238888/embed?share_token=aZfUdNSMD4WkeeWpKdQItSjQrCdhSOXs4mpMtKxHy89FhgrR5C&profile=1"" width=""100%"" height=""700"" frameborder=""0"" scrolling=""no""></iframe>",
Mount Rainer NP,06/10/2023,,https://scontent-iad3-1.xx.fbcdn.net/v/t39.30808-6/514399964_10163673608937658_6237353121154133370_n.jpg?_nc_cat=109&ccb=1-7&_nc_sid=f727a1&_nc_ohc=zUVBEyf8YhMQ7kNvwE_Rp8b&_nc_oc=AdlLnIs2Al2sJKN_zDg5wPjNslPCKb5ToBv_4MEzgQ6KroL49QSQoqQ0EWfsrLGd59nINFRahE5Bo6J12E8Y_zTD&_nc_zt=23&_nc_ht=scontent-iad3-1.xx&_nc_gid=4zPhM6oND85wxst0RuojvA&oh=00_AfVDdsxgoyl1vRhOXPEoGtQ6MohB-CRsorMukK-n1t0pag&oe=68B2C15C,"<iframe src=""https://www.komoot.com/tour/1160700292/embed?share_token=aco2rU2NGgIPDKrEjWEiAprYfjAUZTqW2ioqvzE4Z0CS8Z7uJF&profile=1"" width=""100%"" height=""700"" frameborder=""0"" scrolling=""no""></iframe>",
Cannon Beach OR,06/09/2023,BUCKET LIST RIDE!!! I just have 2 words to say...The Goonies!,https://scontent-iad3-2.xx.fbcdn.net/v/t39.30808-6/515295253_10163672826077658_4328972185274417542_n.jpg?_nc_cat=111&ccb=1-7&_nc_sid=f727a1&_nc_ohc=TgkBc2y1nJEQ7kNvwE8BpGB&_nc_oc=Adk3wndbi8RLdNak8atK6KJ6VGZt5VKOCKWSjsXgGvdrNdqNvb1TboX8UvkkJrLfnXUoIKDyOxb_MtKW7YDZUsJU&_nc_zt=23&_nc_ht=scontent-iad3-2.xx&_nc_gid=0RssqW50wD3EvHN-cZ5-gg&oh=00_AfUl3ouT9vlRKgEF82SSEGrR8Ut6CNvhWQbnPx1Kjw4gNg&oe=68B2BBA9,"<iframe src=""https://www.komoot.com/tour/2518216851/embed?share_token=aM6oljVCynFBmwY0AazIZmSypfSeJRkcE8Q3m0UZg45S5WhAJh&profile=1"" width=""100%"" height=""700"" frameborder=""0"" scrolling=""no""></iframe>",
Port Angeles OR,06/07/2023,,https://scontent-iad3-2.xx.fbcdn.net/v/t39.30808-6/514717650_10163672492957658_6177705751830107354_n.jpg?_nc_cat=103&ccb=1-7&_nc_sid=f727a1&_nc_ohc=8LvO1nvhqiUQ7kNvwEtFcxy&_nc_oc=Adn2PXejJc2XcHJ_0UyKE4kwhsUT3ZRGiZQkyTQdD1xjBtIF6hkwYCpyaI2v1DLBv0ViGajh7MO2qfIlJN3Mzzve&_nc_zt=23&_nc_ht=scontent-iad3-2.xx&_nc_gid=adAgrcht5mqU-QZz0k8sgg&oh=00_AfXSB9UwrXT07yvUNeNjd_JW3za1IIiJuduN5G5eksVWYg&oe=68B2BB40,"<iframe src=""https://www.komoot.com/tour/2518226823/embed?share_token=aibhFsodNInNhp5N7NtuL7QQ2fyrmHrHnfUWbp9FDXwazhdQYC&profile=1"" width=""100%"" height=""700"" frameborder=""0"" scrolling=""no""></iframe>",
Zion NP,09/16/2022,"BUCKET LIST RIDE!!! Thru Springdale, into Zion, Up and down the switchbacks to the tunnel, along the Virgin River to the top of the climb. Every second of this ride was jaw dropping.",https://scontent-iad3-1.xx.fbcdn.net/v/t39.30808-6/508717283_10163597988782658_8759028727292387680_n.jpg?_nc_cat=108&ccb=1-7&_nc_sid=f727a1&_nc_ohc=rZb5s9O_7_0Q7kNvwHspKy1&_nc_oc=AdlwbGMmtiWnEJ8mq6Ynu31NnwHQMG0gDMUUO5RUGiOCQnstf3HaF0ThYoOTW11xiKv77kxQ2890Ot7bJbjMQK1G&_nc_zt=23&_nc_ht=scontent-iad3-1.xx&_nc_gid=AHLAe5LEH3lpQbG-A0kmKg&oh=00_AfWCh_FzI2DE6BkFoUMT93yQLFNp-6eHUXnL5U84q2C68A&oe=68B2D47C,"<iframe src=""https://www.komoot.com/tour/2518091159/embed?share_token=afSs6bemrZzyO829oZwiJP9vOiRr2GKWKkjt0RPhJx620mEzbl&profile=1"" width=""100%"" height=""700"" frameborder=""0"" scrolling=""no""></iframe>",
Sanibel Island FL,09/08/2022,,https://scontent-iad3-1.xx.fbcdn.net/v/t39.30808-6/508398429_10163594616612658_958727255737350915_n.jpg?_nc_cat=110&ccb=1-7&_nc_sid=f727a1&_nc_ohc=R8c1dgGzfrcQ7kNvwEi4V0e&_nc_oc=Adnw1lyEF37lTNFAd8AELOH2w8RTvbqnP3Nk24_uV8P2Pbxu0D6wIo_76Glk595S61OtOaCSouCxag-RfkVHlH_b&_nc_zt=23&_nc_ht=scontent-iad3-1.xx&_nc_gid=uv6UUnjMYR1La-QinmHZjA&oh=00_AfXd-wEQskOm8qM0UKdxZ1hU1zDPDQof9wxlPZ_GPpyCiw&oe=68B2B0DC,"<iframe src=""https://www.komoot.com/tour/918715000/embed?share_token=aTVKV0fc6zULbfb6z0oMy8SxKnRIeTA3AYs365tR53JIPrQpdl&profile=1"" width=""100%"" height=""700"" frameborder=""0"" scrolling=""no""></iframe>",
Key West FL,09/05/2022,,https://scontent-iad3-2.xx.fbcdn.net/v/t39.30808-6/506964033_10163593527627658_3578203408779263170_n.jpg?_nc_cat=111&ccb=1-7&_nc_sid=f727a1&_nc_ohc=C94-w56ohN0Q7kNvwGzhb_q&_nc_oc=AdlVhl0ywMfiaa90Rn7tTiQcV5Lq6JvEYiiAo3kBXOAYeVpk6FFGgBV-gYzXtinU7o06XhVbjP3N0Lqauk16vdlN&_nc_zt=23&_nc_ht=scontent-iad3-2.xx&_nc_gid=nwn91j8X4z7rMIkVqRyhZg&oh=00_AfUnrTKUgkbNjsOnO9fqXHlFnSghQUfe9qE1DyTf5Jx-uw&oe=68B2CF05,"<iframe src=""https://www.komoot.com/tour/917020763/embed?share_token=aZy2dnL8a9XVE19b6t9Hr9Kgi2KMibWW5E8OqOanYstIa3jdaW&profile=1"" width=""100%"" height=""700"" frameborder=""0"" scrolling=""no""></iframe>",
Florida Keys Overseas Heritage Trail,09/04/2022,BUCKET LIST RIDE!!!! I. RODE. THE. FLORIDA. KEYS!!!,https://scontent-iad3-1.xx.fbcdn.net/v/t39.30808-6/506910261_10163593133617658_5600507304829565686_n.jpg?_nc_cat=110&ccb=1-7&_nc_sid=f727a1&_nc_ohc=Sm3lgnP2VmAQ7kNvwEBAJgS&_nc_oc=AdlhoVaZ3sknZfvdgDqCfR8ffYZJnCRfGst4VO6J_43BY3FH3y12k6g8V4DtGjTPG9Sx12SRRTVRBOS7dyuaw0Kj&_nc_zt=23&_nc_ht=scontent-iad3-1.xx&_nc_gid=LAF_jW8bh_MsbVg5QuAPxw&oh=00_AfUsGALyT8qOLs5r_rio8jQxDoYOaR63pgSpGoEfnj6z0g&oe=68B2ACB9,"<iframe src=""https://www.komoot.com/tour/928599322/embed?share_token=aqiMDh4jKhVaLM8iM6XDllkUTq8LCz9wzK5teXzIdhUuTabeyM&profile=1"" width=""100%"" height=""700"" frameborder=""0"" scrolling=""no""></iframe>",
"Treasure Island, Florida",09/02/2022,,https://scontent-iad3-1.xx.fbcdn.net/v/t39.30808-6/508700705_10163592648517658_4397783847321782144_n.jpg?_nc_cat=102&ccb=1-7&_nc_sid=f727a1&_nc_ohc=KbjrSEhVN8UQ7kNvwFiR2t4&_nc_oc=AdmGIeIDbDqUJ-94Jy71rR4pXmY1qx9ho7YsARoheHG8cvw3ktRroqaxFKGTAIC8eNxgozqbpT1JcYFy2qZ1GlGm&_nc_zt=23&_nc_ht=scontent-iad3-1.xx&_nc_gid=9eaxLmPFwkk_ccDfj6gDJQ&oh=00_AfVuQDzGJBpHB-WtuRttTKqve-v5SO5EhYgcIveig0I6Cg&oe=68B2BDE5,"<iframe src=""https://www.komoot.com/tour/2518297824/embed?share_token=aINYK76lwJOF8w710MM7OCPFP06CwkRitJCqycIkNG8icvxtlD&profile=1"" width=""100%"" height=""700"" frameborder=""0"" scrolling=""no""></iframe>",
Giro D'Italia 2019,05/19/2019,"BUCKET LIST WEEK!!!! I rented a camper van and a bike and followed the Giro D'Italia around for 7 days. I visited Lake Como, tayed in a vineyard in the Piedmont and rode some of the coolest roures I've ever ridden!!!",https://scontent-iad3-1.xx.fbcdn.net/v/t1.6435-9/60446758_10157460020312658_6444159155572834304_n.jpg?_nc_cat=102&ccb=1-7&_nc_sid=f727a1&_nc_ohc=HFJgUbshZygQ7kNvwETzGSA&_nc_oc=Adn6C3grlSnjS1UChO5xO7Hk89kOSa-oxBE7CnjW_fHw3w0b5sR97PyS2DS2eUsj1dRXVVqIsTxsRPgGHJwwO-8I&_nc_zt=23&_nc_ht=scontent-iad3-1.xx&_nc_gid=ps87b-peY0PBnGQxGGELeQ&oh=00_AfVmxYEprclcFGq8nJVMieu42luCWcagcsVIkGfiS91kZQ&oe=68D45FDB,"<iframe src=""https://www.komoot.com/tour/2518100557/embed?share_token=aQRP2f7XIlRT0MlACKwPUBt4r82sGVGZJ0P3jECLcajanEogzb&profile=1"" width=""100%"" height=""700"" frameborder=""0"" scrolling=""no""></iframe>",
World Cycling Championships - Richmond VA,09/24/2015,BUCKET LIST WEEK!!!! This was the week Peter Segan rode the Worlds in my hometown! AWESOME!!!!!,https://scontent-iad3-1.xx.fbcdn.net/v/t39.30808-6/471662379_10162856157502658_3888480388006842278_n.jpg?_nc_cat=104&ccb=1-7&_nc_sid=cf85f3&_nc_ohc=c63t_lrZ-1YQ7kNvwH-EN6f&_nc_oc=AdkUyNF0yghDYW8QzO8ZLsVvF9gJhr8WbqBv64YENWLHSFKo9aetqE4-LR8RMRFl-V5w9BX2BrbSXawIpwoA_HtM&_nc_zt=23&_nc_ht=scontent-iad3-1.xx&_nc_gid=Ese26ZnA7wTKZAIaAX9Wgg&oh=00_AfUYxvbYWFHuT509nBsxZJwlp5RR8twtHXVkBjVc1gbsWQ&oe=68B2BCE9,"<iframe src=""https://ridewithgps.com/embeds?type=route&id=10810704&sampleGraph=true"" style=""width: 1px; min-width: 100%; height: 700px; border: none;"" scrolling=""no""></iframe>",